minuto,minuto_fin,estacion,eventos_minuto,temperatura_promedio,humedad_promedio,presion_promedio,gas_promedio,iaq_promedio,eco2_promedio,voc_promedio,latencia_promedio_ms,idx,hora_dia,minuto_hora,dia_semana,sin_minuto_hora,cos_minuto_hora,sin_hora_dia,cos_hora_dia,iaq_lag_1,iaq_lag_2,iaq_lag_5,iaq_ma_5,iaq_trend_1,iaq_trend_5,eco2_lag_1,voc_lag_1,eco2_trend_1,voc_trend_1
2026-06-23T02:45:00.000Z,2026-06-23T02:46:00.000Z,Aula UPeU - Alta Afluencia,20,22.488999999999994,48.48199999999999,1012.9140000000001,9379.942,74.218,977.4019999999997,0.8533,1397.5884999999998,5,2.0,45.0,3.0,-1.0,3.1067874987517174E-13,0.5000000000000299,0.8660254037844214,73.0555,71.91399999999999,67.95416666666667,71.8856,1.1625000000000085,6.263833333333338,964.4925,0.84185,12.909499999999753,0.01144999999999996
2026-06-23T02:46:00.000Z,2026-06-23T02:47:00.000Z,Aula UPeU - Alta Afluencia,20,22.4575,48.51449999999999,1012.8799999999999,9300.339000000002,75.6665,986.966,0.86815,1456.9669999999999,6,2.0,46.0,3.0,-0.9945218953682402,0.10452846326796922,0.5000000000000299,0.8660254037844214,74.218,73.0555,69.251,73.16869999999999,1.4484999999999957,6.415499999999994,977.4019999999997,0.8533,9.564000000000306,0.01485000000000003
2026-06-23T02:47:00.000Z,2026-06-23T02:48:00.000Z,Aula UPeU - Alta Afluencia,20,22.438000000000002,48.51699999999999,1013.0740000000002,9264.951500000001,77.23799999999997,995.0220000000002,0.8778500000000001,1332.99,7,2.0,47.0,3.0,-0.9781476007337382,0.20791169081807653,0.5000000000000299,0.8660254037844214,75.6665,74.218,70.98949999999999,74.41839999999999,1.571499999999972,6.248499999999979,986.966,0.86815,8.056000000000154,0.009700000000000153
2026-06-23T02:48:00.000Z,2026-06-23T02:49:00.000Z,Aula UPeU - Alta Afluencia,20,22.424,48.464000000000006,1012.9089999999999,9256.406500000001,78.86099999999998,1002.8125,0.8880000000000001,1432.9134999999997,8,2.0,48.0,3.0,-0.9510565162950513,0.3090169943752623,0.5000000000000299,0.8660254037844214,77.23799999999997,75.6665,71.91399999999999,75.8078,1.6230000000000047,6.9469999999999885,995.0220000000002,0.8778500000000001,7.790499999999838,0.010149999999999992
2026-06-23T02:49:00.000Z,2026-06-23T02:50:00.000Z,Aula UPeU - Alta Afluencia,20,22.466,48.982000000000006,1013.3240000000002,9186.821500000002,79.61,1010.9784999999999,0.89375,1277.6345,9,2.0,49.0,3.0,-0.9135454576424634,0.4067366430761089,0.5000000000000299,0.8660254037844214,78.86099999999998,77.23799999999997,73.0555,77.11869999999999,0.7490000000000236,6.554500000000004,1002.8125,0.8880000000000001,8.16599999999994,0.005749999999999922
2026-06-23T02:50:00.000Z,2026-06-23T02:51:00.000Z,Aula UPeU - Alta Afluencia,20,22.514,48.800999999999995,1013.2105000000001,9133.6705,80.62950000000002,1017.701,0.8984000000000002,1199.509,10,2.0,50.0,3.0,-0.8660254037842663,0.5000000000002985,0.5000000000000299,0.8660254037844214,79.61,78.86099999999998,74.218,78.401,1.019500000000022,6.411500000000018,1010.9784999999999,0.89375,6.722500000000082,0.004650000000000154
2026-06-23T02:51:00.000Z,2026-06-23T02:52:00.000Z,Aula UPeU - Alta Afluencia,20,22.546,49.029999999999994,1013.3800000000003,9047.277500000002,82.13300000000001,1027.0755,0.9148500000000002,1278.4785,11,2.0,51.0,3.0,-0.8090169943747408,0.5877852522927575,0.5000000000000299,0.8660254037844214,80.62950000000002,79.61,75.6665,79.6943,1.5034999999999883,6.466500000000011,1017.701,0.8984000000000002,9.374499999999898,0.016449999999999965
2026-06-23T02:52:00.000Z,2026-06-23T02:53:00.000Z,Aula UPeU - Alta Afluencia,20,22.651999999999994,49.062,1012.7819999999999,9012.454999999998,83.1435,1032.828,0.9244,1461.7294999999997,12,2.0,52.0,3.0,-0.7431448254771544,0.6691306063591245,0.5000000000000299,0.8660254037844214,82.13300000000001,80.62950000000002,77.23799999999997,80.87540000000001,1.0104999999999933,5.905500000000032,1027.0755,0.9148500000000002,5.752500000000055,0.009549999999999836
2026-06-23T02:53:00.000Z,2026-06-23T02:54:00.000Z,Aula UPeU - Alta Afluencia,20,22.715999999999998,48.98000000000001,1012.7550000000001,8967.8195,84.04799999999999,1040.883,0.93125,1451.5545,13,2.0,53.0,3.0,-0.6691306063585869,0.7431448254776386,0.5000000000000299,0.8660254037844214,83.1435,82.13300000000001,78.86099999999998,81.9128,0.9044999999999845,5.187000000000012,1032.828,0.9244,8.055000000000064,0.006850000000000023
2026-06-23T02:54:00.000Z,2026-06-23T02:55:00.000Z,Aula UPeU - Alta Afluencia,20,22.522,49.066500000000005,1012.7774999999999,8880.6575,85.905,1054.149,0.9459500000000002,1306.429,14,2.0,54.0,3.0,-0.5877852522921715,0.8090169943751666,0.5000000000000299,0.8660254037844214,84.04799999999999,83.1435,79.61,83.1718,1.8570000000000135,6.295000000000002,1040.883,0.93125,13.265999999999849,0.014700000000000157
2026-06-23T02:55:00.000Z,2026-06-23T02:56:00.000Z,Aula UPeU - Alta Afluencia,20,22.690499999999997,48.9575,1012.7839999999999,8847.355,86.71349999999998,1056.0729999999999,0.95505,1273.5745,15,2.0,55.0,3.0,-0.499999999999672,0.866025403784628,0.5000000000000299,0.8660254037844214,85.905,84.04799999999999,80.62950000000002,84.3886,0.8084999999999809,6.0839999999999606,1054.149,0.9459500000000002,1.9239999999999782,0.009099999999999775
2026-06-23T02:56:00.000Z,2026-06-23T02:57:00.000Z,Aula UPeU - Alta Afluencia,20,22.682000000000002,49.144,1012.8535000000002,8808.418499999996,87.652,1067.748,0.9597,1365.4759999999999,16,2.0,56.0,3.0,-0.4067366430754472,0.9135454576427581,0.5000000000000299,0.8660254037844214,86.71349999999998,85.905,82.13300000000001,85.49239999999999,0.938500000000019,5.518999999999991,1056.0729999999999,0.95505,11.675000000000182,0.004650000000000043
2026-06-23T02:57:00.000Z,2026-06-23T02:58:00.000Z,Aula UPeU - Alta Afluencia,20,22.823,49.0715,1013.1840000000002,8757.888,88.89450000000001,1076.3049999999998,0.9689,1524.1064999999999,17,2.0,57.0,3.0,-0.3090169943745743,0.9510565162952748,0.5000000000000299,0.8660254037844214,87.652,86.71349999999998,83.1435,86.64259999999999,1.2425000000000068,5.751000000000005,1067.748,0.9597,8.556999999999789,0.009199999999999986
2026-06-23T02:58:00.000Z,2026-06-23T02:59:00.000Z,Aula UPeU - Alta Afluencia,20,22.723,49.51899999999999,1012.9000000000002,8711.339,89.535,1082.456,0.9750499999999998,1450.427,18,2.0,58.0,3.0,-0.20791169081736804,0.9781476007338888,0.5000000000000299,0.8660254037844214,88.89450000000001,87.652,84.04799999999999,87.73999999999998,0.6404999999999887,5.487000000000009,1076.3049999999998,0.9689,6.151000000000067,0.006149999999999767
2026-06-23T02:59:00.000Z,2026-06-23T03:00:00.000Z,Aula UPeU - Alta Afluencia,20,22.797500000000007,49.2235,1013.2239999999999,8681.624,90.89399999999999,1091.0555000000002,0.9952500000000001,1141.126,19,2.0,59.0,3.0,-0.10452846326724886,0.9945218953683158,0.5000000000000299,0.8660254037844214,89.535,88.89450000000001,85.905,88.7378,1.3589999999999947,4.98899999999999,1082.456,0.9750499999999998,8.599500000000262,0.02020000000000033
2026-06-23T03:00:00.000Z,2026-06-23T03:01:00.000Z,Aula UPeU - Alta Afluencia,20,22.702500000000008,49.311000000000014,1013.3530000000001,8669.6935,91.37,1094.1355000000003,0.99725,1155.2075,20,3.0,0.0,3.0,0.0,1.0,0.7071067811865841,0.7071067811865109,90.89399999999999,89.535,86.71349999999998,89.6691,0.4760000000000133,4.6565000000000225,1091.0555000000002,0.9952500000000001,3.0800000000001546,0.0019999999999998908
2026-06-23T03:01:00.000Z,2026-06-23T03:02:00.000Z,Aula UPeU - Alta Afluencia,20,22.781,49.4155,1012.9010000000001,8589.0845,92.88149999999999,1108.561,1.0074999999999998,1368.1825000000001,21,3.0,1.0,3.0,0.10452846326766033,0.9945218953682726,0.7071067811865841,0.7071067811865109,91.37,90.89399999999999,87.652,90.715,1.5114999999999839,5.229499999999987,1094.1355000000003,0.99725,14.425499999999602,0.01024999999999987
2026-06-23T03:02:00.000Z,2026-06-23T03:03:00.000Z,Aula UPeU - Alta Afluencia,20,22.986,49.36899999999999,1013.1274999999999,8586.0055,93.40149999999998,1112.0575000000001,1.0070000000000001,1448.2099999999998,22,3.0,2.0,3.0,0.2079116908177728,0.9781476007338028,0.7071067811865841,0.7071067811865109,92.88149999999999,91.37,88.89450000000001,91.61639999999998,0.519999999999996,4.506999999999977,1108.561,1.0074999999999998,3.4965000000001965,-4.999999999997229E-4
2026-06-23T03:03:00.000Z,2026-06-23T03:04:00.000Z,Aula UPeU - Alta Afluencia,20,22.964500000000005,49.65200000000001,1013.0954999999998,8534.345000000001,94.20599999999999,1116.9630000000002,1.0199000000000003,1417.7069999999999,23,3.0,3.0,3.0,0.3090169943749671,0.9510565162951472,0.7071067811865841,0.7071067811865109,93.40149999999998,92.88149999999999,89.535,92.55059999999999,0.8045000000000044,4.670999999999992,1112.0575000000001,1.0070000000000001,4.905500000000075,0.012900000000000134
2026-06-23T03:04:00.000Z,2026-06-23T03:05:00.000Z,Aula UPeU - Alta Afluencia,20,22.865500000000004,49.904500000000006,1013.1070000000002,8543.0775,94.84049999999999,1128.0675,1.0323499999999999,1375.5249999999999,24,3.0,4.0,3.0,0.40673664307582535,0.9135454576425897,0.7071067811865841,0.7071067811865109,94.20599999999999,93.40149999999998,90.89399999999999,93.33989999999999,0.6345000000000027,3.9465000000000003,1116.9630000000002,1.0199000000000003,11.104499999999916,0.012449999999999628
2026-06-23T03:05:00.000Z,2026-06-23T03:06:00.000Z,Aula UPeU - Alta Afluencia,20,22.9975,49.7645,1013.4100000000001,8449.4845,96.18449999999999,1138.2545,1.0437999999999996,1339.6680000000001,25,3.0,5.0,3.0,0.5000000000000299,0.8660254037844214,0.7071067811865841,0.7071067811865109,94.84049999999999,94.20599999999999,91.37,94.30279999999998,1.343999999999994,4.814499999999981,1128.0675,1.0323499999999999,10.186999999999898,0.011449999999999738
2026-06-23T03:06:00.000Z,2026-06-23T03:07:00.000Z,Aula UPeU - Alta Afluencia,20,22.973500000000005,50.102500000000006,1013.1065000000002,8425.704999999998,97.02700000000002,1146.892,1.0484999999999998,1500.6325000000002,26,3.0,6.0,3.0,0.5877852522925067,0.8090169943749231,0.7071067811865841,0.7071067811865109,96.18449999999999,94.84049999999999,92.88149999999999,95.1319,0.8425000000000296,4.145500000000027,1138.2545,1.0437999999999996,8.637500000000045,0.0047000000000001485
2026-06-23T03:07:00.000Z,2026-06-23T03:08:00.000Z,Aula UPeU - Alta Afluencia,20,23.082999999999995,49.9105,1013.2225000000002,8366.949,97.863,1150.77,1.06575,1243.9625000000003,27,3.0,7.0,3.0,0.6691306063588941,0.7431448254773619,0.7071067811865841,0.7071067811865109,97.02700000000002,96.18449999999999,93.40149999999998,96.02420000000001,0.8359999999999843,4.461500000000015,1146.892,1.0484999999999998,3.877999999999929,0.01725000000000021
2026-06-23T03:08:00.000Z,2026-06-23T03:09:00.000Z,Aula UPeU - Alta Afluencia,20,22.982,50.11149999999999,1012.924,8369.145,98.12550000000002,1156.9010000000003,1.0728500000000003,1404.4605,28,3.0,8.0,3.0,0.7431448254774311,0.6691306063588173,0.7071067811865841,0.7071067811865109,97.863,97.02700000000002,94.20599999999999,96.80810000000001,0.26250000000001705,3.9195000000000277,1150.77,1.06575,6.131000000000313,0.007100000000000328
2026-06-23T03:09:00.000Z,2026-06-23T03:10:00.000Z,Aula UPeU - Alta Afluencia,20,23.144000000000002,50.318499999999986,1013.11,8329.279,98.992,1165.6510000000003,1.07365,1224.865,29,3.0,9.0,3.0,0.8090169943749839,0.587785252292423,0.7071067811865841,0.7071067811865109,98.12550000000002,97.863,94.84049999999999,97.63840000000002,0.8664999999999878,4.151500000000013,1156.9010000000003,1.0728500000000003,8.75,7.999999999996898E-4
2026-06-23T03:10:00.000Z,2026-06-23T03:11:00.000Z,Aula UPeU - Alta Afluencia,20,23.1735,50.4445,1012.8370000000001,8295.6375,99.9125,1173.358,1.0798999999999999,1274.3250000000003,30,3.0,10.0,3.0,0.8660254037844731,0.49999999999994027,0.7071067811865841,0.7071067811865109,98.992,98.12550000000002,96.18449999999999,98.38400000000001,0.9204999999999899,3.7280000000000086,1165.6510000000003,1.07365,7.706999999999653,0.006249999999999867
2026-06-23T03:11:00.000Z,2026-06-23T03:12:00.000Z,Aula UPeU - Alta Afluencia,20,23.1205,50.5265,1013.2839999999997,8268.110999999999,101.0705,1179.518,1.0884000000000003,1184.2214999999999,31,3.0,11.0,3.0,0.9135454576426317,0.406736643075731,0.7071067811865841,0.7071067811865109,99.9125,98.992,97.02700000000002,99.1927,1.1580000000000013,4.04349999999998,1173.358,1.0798999999999999,6.160000000000082,0.008500000000000396
2026-06-23T03:12:00.000Z,2026-06-23T03:13:00.000Z,Aula UPeU - Alta Afluencia,20,23.113,50.556,1013.1074999999998,8251.549,101.189,1185.399,1.0961999999999996,1349.7714999999998,32,3.0,12.0,3.0,0.9510565162951792,0.3090169943748687,0.7071067811865841,0.7071067811865109,101.0705,99.9125,97.863,99.8579,0.11849999999999739,3.3259999999999934,1179.518,1.0884000000000003,5.880999999999858,0.007799999999999363
2026-06-23T03:13:00.000Z,2026-06-23T03:14:00.000Z,Aula UPeU - Alta Afluencia,20,23.2705,50.76599999999999,1013.317,8241.995999999997,102.5865,1199.077,1.1081499999999997,1419.8285,33,3.0,13.0,3.0,0.9781476007338242,0.20791169081767172,0.7071067811865841,0.7071067811865109,101.189,101.0705,98.12550000000002,100.7501,1.397500000000008,4.460999999999984,1185.399,1.0961999999999996,13.678000000000111,0.011950000000000127
2026-06-23T03:14:00.000Z,2026-06-23T03:15:00.000Z,Aula UPeU - Alta Afluencia,20,23.159,50.4955,1012.6989999999998,8207.603000000001,103.14949999999999,1202.2595,1.11185,1344.3565,34,3.0,14.0,3.0,0.9945218953682834,0.1045284632675574,0.7071067811865841,0.7071067811865109,102.5865,101.189,98.992,101.58160000000001,0.5629999999999882,4.157499999999985,1199.077,1.1081499999999997,3.182499999999891,0.0037000000000002586
2026-06-23T03:15:00.000Z,2026-06-23T03:16:00.000Z,Aula UPeU - Alta Afluencia,20,23.169999999999998,50.7435,1013.318,8172.442,103.32400000000003,1209.4029999999998,1.1216500000000003,1541.6945,35,3.0,15.0,3.0,1.0,-1.0341155355510722E-13,0.7071067811865841,0.7071067811865109,103.14949999999999,102.5865,99.9125,102.2639,0.1745000000000374,3.411500000000032,1202.2595,1.11185,7.143499999999904,0.009800000000000253
2026-06-23T03:16:00.000Z,2026-06-23T03:17:00.000Z,Aula UPeU - Alta Afluencia,20,23.273500000000006,50.6525,1012.9900000000001,8121.713999999998,104.58850000000002,1216.639,1.13435,1572.7525,36,3.0,16.0,3.0,0.9945218953682619,-0.10452846326776308,0.7071067811865841,0.7071067811865109,103.32400000000003,103.14949999999999,101.0705,102.9675,1.2644999999999982,3.518000000000029,1209.4029999999998,1.1216500000000003,7.236000000000104,0.012699999999999712
2026-06-23T03:17:00.000Z,2026-06-23T03:18:00.000Z,Aula UPeU - Alta Afluencia,20,23.336000000000002,50.726,1013.0565,8138.575,105.155,1225.2405,1.1417000000000002,1604.1740000000002,37,3.0,17.0,3.0,0.9781476007337813,-0.20791169081787403,0.7071067811865841,0.7071067811865109,104.58850000000002,103.32400000000003,101.189,103.7607,0.5664999999999765,3.966000000000008,1216.639,1.13435,8.601500000000215,0.00735000000000019
2026-06-23T03:18:00.000Z,2026-06-23T03:19:00.000Z,Aula UPeU - Alta Afluencia,20,23.297000000000004,50.653,1012.9849999999999,8013.024999999999,106.84199999999998,1231.5925000000002,1.1479499999999998,1205.926,38,3.0,18.0,3.0,0.9510565162951152,-0.3090169943750654,0.7071067811865841,0.7071067811865109,105.155,104.58850000000002,102.5865,104.61179999999999,1.6869999999999834,4.255499999999984,1225.2405,1.1417000000000002,6.352000000000089,0.006249999999999645
2026-06-23T03:19:00.000Z,2026-06-23T03:20:00.000Z,Aula UPeU - Alta Afluencia,20,23.351499999999998,50.684999999999995,1013.0305000000001,8058.8330000000005,106.8105,1240.7675000000002,1.1587,1433.2625,39,3.0,19.0,3.0,0.9135454576425477,-0.4067366430759197,0.7071067811865841,0.7071067811865109,106.84199999999998,105.155,103.14949999999999,105.34400000000001,-0.03149999999997988,3.6610000000000156,1231.5925000000002,1.1479499999999998,9.174999999999955,0.01075000000000026
2026-06-23T03:20:00.000Z,2026-06-23T03:21:00.000Z,Aula UPeU - Alta Afluencia,20,23.4325,50.8745,1013.6599999999999,7927.335499999999,108.0995,1249.4035,1.1641500000000002,1447.0769999999998,40,3.0,20.0,3.0,0.8660254037843697,-0.5000000000001195,0.7071067811865841,0.7071067811865109,106.8105,106.84199999999998,103.32400000000003,106.2991,1.2890000000000015,4.77549999999998,1240.7675000000002,1.1587,8.63599999999974,0.005450000000000177
2026-06-23T03:21:00.000Z,2026-06-23T03:22:00.000Z,Aula UPeU - Alta Afluencia,20,23.381999999999998,51.193,1012.8855,7966.202499999999,108.94000000000001,1255.361,1.1772500000000001,1604.449,41,3.0,21.0,3.0,0.8090169943748624,-0.5877852522925902,0.7071067811865841,0.7071067811865109,108.0995,106.8105,104.58850000000002,107.16940000000002,0.8405000000000058,4.351499999999987,1249.4035,1.1641500000000002,5.957500000000209,0.01309999999999989
2026-06-23T03:22:00.000Z,2026-06-23T03:23:00.000Z,Aula UPeU - Alta Afluencia,20,23.44,51.371500000000005,1013.1455,7928.857000000001,109.0495,1260.5580000000002,1.1848,1464.7469999999998,42,3.0,22.0,3.0,0.7431448254772929,-0.6691306063589708,0.7071067811865841,0.7071067811865109,108.94000000000001,108.0995,105.155,107.94829999999999,0.10949999999998283,3.8944999999999936,1255.361,1.1772500000000001,5.197000000000116,0.007549999999999946
2026-06-23T03:23:00.000Z,2026-06-23T03:24:00.000Z,Aula UPeU - Alta Afluencia,20,23.4895,51.25450000000001,1012.7025,7836.603999999999,110.599,1272.2334999999998,1.1923499999999998,1333.0794999999998,43,3.0,23.0,3.0,0.6691306063587402,-0.7431448254775005,0.7071067811865841,0.7071067811865109,109.0495,108.94000000000001,106.84199999999998,108.6997,1.549500000000009,3.757000000000019,1260.5580000000002,1.1848,11.675499999999602,0.007549999999999724
2026-06-23T03:24:00.000Z,2026-06-23T03:25:00.000Z,Aula UPeU - Alta Afluencia,20,23.4495,51.6555,1012.9474999999996,7783.709500000002,111.5015,1278.15,1.20255,1436.149,44,3.0,24.0,3.0,0.5877852522923392,-0.8090169943750447,0.7071067811865841,0.7071067811865109,110.599,109.0495,106.8105,109.63790000000002,0.9024999999999892,4.690999999999988,1272.2334999999998,1.1923499999999998,5.916500000000269,0.010200000000000209
2026-06-23T03:25:00.000Z,2026-06-23T03:26:00.000Z,Aula UPeU - Alta Afluencia,20,23.480999999999998,51.384,1012.949,7776.705500000001,112.34849999999999,1289.6680000000001,1.214,1267.0884999999998,45,3.0,25.0,3.0,0.49999999999985073,-0.8660254037845249,0.7071067811865841,0.7071067811865109,111.5015,110.599,108.0995,110.48769999999999,0.8469999999999942,4.248999999999981,1278.15,1.20255,11.518000000000029,0.01144999999999996
2026-06-23T03:26:00.000Z,2026-06-23T03:27:00.000Z,Aula UPeU - Alta Afluencia,20,22.5315,48.74550000000001,1013.168,9155.661,80.133,1010.3465,0.8893500000000001,1354.7859999999998,46,3.0,26.0,3.0,0.40673664307563656,-0.9135454576426738,0.7071067811865841,0.7071067811865109,112.34849999999999,111.5015,108.94000000000001,104.7263,-32.21549999999999,-28.807000000000016,1289.6680000000001,1.214,-279.3215000000001,-0.3246499999999999
2026-06-23T03:27:00.000Z,2026-06-23T03:28:00.000Z,Aula UPeU - Alta Afluencia,20,21.935,47.27699999999999,1012.9125000000001,10158.930500000002,56.35850000000001,808.177,0.65445,1412.771,47,3.0,27.0,3.0,0.30901699437477015,-0.9510565162952112,0.7071067811865841,0.7071067811865109,80.133,112.34849999999999,109.0495,94.18809999999999,-23.77449999999999,-52.69099999999999,1010.3465,0.8893500000000001,-202.16949999999997,-0.2349000000000001
2026-06-23T03:28:00.000Z,2026-06-23T03:29:00.000Z,Aula UPeU - Alta Afluencia,20,21.7845,46.7475,1012.8909999999998,10231.616499999998,54.072,780.257,0.6428500000000001,1577.4455000000003,48,3.0,28.0,3.0,0.20791169081757035,-0.9781476007338458,0.7071067811865841,0.7071067811865109,56.35850000000001,80.133,110.599,82.88269999999999,-2.2865000000000038,-56.527,808.177,0.65445,-27.920000000000073,-0.011599999999999833
2026-06-23T03:29:00.000Z,2026-06-23T03:30:00.000Z,Aula UPeU - Alta Afluencia,20,21.7495,46.4645,1013.0979999999997,10376.391,50.8655,753.2319999999999,0.61015,1317.2565,49,3.0,29.0,3.0,0.10452846326745455,-0.9945218953682943,0.7071067811865841,0.7071067811865109,54.072,56.35850000000001,111.5015,70.7555,-3.2065000000000055,-60.635999999999996,780.257,0.6428500000000001,-27.02500000000009,-0.03270000000000017
2026-06-23T03:30:00.000Z,2026-06-23T03:31:00.000Z,Aula UPeU - Alta Afluencia,20,21.640499999999996,46.4935,1013.018,10454.708499999997,49.022999999999996,722.083,0.5717999999999999,1504.405,50,3.0,30.0,3.0,-2.0682310711021444E-13,-1.0,0.7071067811865841,0.7071067811865109,50.8655,54.072,112.34849999999999,58.0904,-1.8425000000000011,-63.32549999999999,753.2319999999999,0.61015,-31.148999999999887,-0.038350000000000106
2026-06-23T03:31:00.000Z,2026-06-23T03:32:00.000Z,Aula UPeU - Alta Afluencia,20,21.759000000000004,46.4695,1012.8195,10564.900000000001,46.139500000000005,694.695,0.5315000000000001,1464.564,51,3.0,31.0,3.0,-0.10452846326786637,-0.994521895368251,0.7071067811865841,0.7071067811865109,49.022999999999996,50.8655,80.133,51.291700000000006,-2.883499999999991,-33.99349999999999,722.083,0.5717999999999999,-27.38799999999992,-0.04029999999999978
2026-06-23T03:32:00.000Z,2026-06-23T03:33:00.000Z,Aula UPeU - Alta Afluencia,20,21.515500000000003,46.007,1013.0604999999999,10615.22,44.359500000000004,666.6265,0.50625,1292.056,52,3.0,32.0,3.0,-0.20791169081797495,-0.9781476007337598,0.7071067811865841,0.7071067811865109,46.139500000000005,49.022999999999996,56.35850000000001,48.8919,-1.7800000000000011,-11.999000000000002,694.695,0.5315000000000001,-28.068500000000085,-0.025250000000000106
2026-06-23T03:33:00.000Z,2026-06-23T03:34:00.000Z,Aula UPeU - Alta Afluencia,20,21.491499999999995,46.119499999999995,1013.068,10739.741,41.93,640.0090000000001,0.47299999999999986,1419.461,53,3.0,33.0,3.0,-0.30901699437516394,-0.9510565162950833,0.7071067811865841,0.7071067811865109,44.359500000000004,46.139500000000005,54.072,46.463499999999996,-2.4295000000000044,-12.142000000000003,666.6265,0.50625,-26.617499999999836,-0.03325000000000011
2026-06-23T03:34:00.000Z,2026-06-23T03:35:00.000Z,Aula UPeU - Alta Afluencia,20,21.4035,45.5385,1013.1055,10825.4875,39.784000000000006,615.9399999999999,0.4527500000000001,1376.6709999999998,54,3.0,34.0,3.0,-0.4067366430760144,-0.9135454576425055,0.7071067811865841,0.7071067811865109,41.93,44.359500000000004,50.8655,44.2472,-2.1459999999999937,-11.081499999999991,640.0090000000001,0.47299999999999986,-24.069000000000187,-0.020249999999999768
2026-06-23T03:35:00.000Z,2026-06-23T03:36:00.000Z,Aula UPeU - Alta Afluencia,20,21.425,45.8695,1013.0210000000001,10970.2155,36.78,586.195,0.42000000000000004,1449.259,55,3.0,35.0,3.0,-0.5000000000002094,-0.8660254037843178,0.7071067811865841,0.7071067811865109,39.784000000000006,41.93,49.022999999999996,41.79860000000001,-3.004000000000005,-12.242999999999995,615.9399999999999,0.4527500000000001,-29.74499999999989,-0.03275000000000006
2026-06-23T03:36:00.000Z,2026-06-23T03:37:00.000Z,Aula UPeU - Alta Afluencia,20,21.351000000000003,45.367000000000004,1012.6334999999999,11042.960000000003,35.108999999999995,558.5440000000001,0.39315000000000005,1657.238,56,3.0,36.0,3.0,-0.5877852522926739,-0.8090169943748016,0.7071067811865841,0.7071067811865109,36.78,39.784000000000006,46.139500000000005,39.592499999999994,-1.6710000000000065,-11.03050000000001,586.195,0.42000000000000004,-27.650999999999954,-0.026849999999999985
2026-06-23T03:37:00.000Z,2026-06-23T03:38:00.000Z,Aula UPeU - Alta Afluencia,20,21.3265,45.494,1013.2499999999998,11102.046,32.58050000000001,525.33,0.35565,1480.4015,57,3.0,37.0,3.0,-0.669130606359048,-0.7431448254772234,0.7071067811865841,0.7071067811865109,35.108999999999995,36.78,44.359500000000004,37.2367,-2.528499999999987,-11.778999999999996,558.5440000000001,0.39315000000000005,-33.214000000000055,-0.03750000000000003
2026-06-23T03:38:00.000Z,2026-06-23T03:39:00.000Z,Aula UPeU - Alta Afluencia,20,21.336,45.235,1013.126,11232.903999999999,30.236999999999995,497.03150000000005,0.32660000000000006,1309.6455,58,3.0,38.0,3.0,-0.7431448254775693,-0.6691306063586637,0.7071067811865841,0.7071067811865109,32.58050000000001,35.108999999999995,41.93,34.8981,-2.343500000000013,-11.693000000000005,525.33,0.35565,-28.29849999999999,-0.029049999999999965
2026-06-23T03:39:00.000Z,2026-06-23T03:40:00.000Z,Aula UPeU - Alta Afluencia,20,21.216,45.1135,1013.0004999999999,11351.594,27.931,475.9230000000001,0.29860000000000003,1236.82,59,3.0,39.0,3.0,-0.8090169943751055,-0.5877852522922555,0.7071067811865841,0.7071067811865109,30.236999999999995,32.58050000000001,39.784000000000006,32.5275,-2.305999999999994,-11.853000000000005,497.03150000000005,0.32660000000000006,-21.108499999999935,-0.028000000000000025
2026-06-23T03:40:00.000Z,2026-06-23T03:41:00.000Z,Aula UPeU - Alta Afluencia,20,21.8385,46.790499999999994,1013.2834999999999,10333.159500000003,51.424,745.7755,0.59565,1215.2305000000001,60,3.0,40.0,3.0,-0.8660254037845765,-0.4999999999997612,0.7071067811865841,0.7071067811865109,27.931,30.236999999999995,36.78,35.4563,23.493,14.643999999999998,475.9230000000001,0.29860000000000003,269.85249999999985,0.29705
2026-06-23T03:41:00.000Z,2026-06-23T03:42:00.000Z,Aula UPeU - Alta Afluencia,20,22.226,48.032000000000004,1013.1,9640.454999999998,68.68999999999998,937.4075,0.8064499999999999,1411.1924999999999,61,3.0,41.0,3.0,-0.9135454576427158,-0.4067366430755421,0.7071067811865841,0.7071067811865109,51.424,27.931,35.108999999999995,42.1725,17.265999999999984,33.58099999999999,745.7755,0.59565,191.63200000000006,0.21079999999999988
2026-06-23T03:42:00.000Z,2026-06-23T03:43:00.000Z,Aula UPeU - Alta Afluencia,20,22.325499999999998,48.075,1013.2094999999999,9587.606,69.99550000000002,946.9329999999998,0.8185499999999999,1595.8115000000003,62,3.0,42.0,3.0,-0.951056516295243,-0.3090169943746722,0.7071067811865841,0.7071067811865109,68.68999999999998,51.424,32.58050000000001,49.6555,1.3055000000000376,37.41500000000001,937.4075,0.8064499999999999,9.525499999999738,0.0121
2026-06-23T03:43:00.000Z,2026-06-23T03:44:00.000Z,Aula UPeU - Alta Afluencia,20,22.267500000000002,48.245000000000005,1012.8614999999998,9486.3425,71.278,951.7940000000001,0.8347999999999999,1349.76,63,3.0,43.0,3.0,-0.9781476007338672,-0.20791169081746963,0.7071067811865841,0.7071067811865109,69.99550000000002,68.68999999999998,30.236999999999995,57.86370000000001,1.2824999999999847,41.04100000000001,946.9329999999998,0.8185499999999999,4.861000000000331,0.016249999999999987
2026-06-23T03:44:00.000Z,2026-06-23T03:45:00.000Z,Aula UPeU - Alta Afluencia,20,22.34,48.239000000000004,1012.8115,9474.375,72.49749999999999,961.2710000000001,0.8419000000000001,1293.6850000000002,64,3.0,44.0,3.0,-0.994521895368305,-0.10452846326735214,0.7071067811865841,0.7071067811865109,71.278,69.99550000000002,27.931,66.777,1.2194999999999823,44.56649999999999,951.7940000000001,0.8347999999999999,9.476999999999975,0.007100000000000217
2026-06-23T03:45:00.000Z,2026-06-23T03:46:00.000Z,Aula UPeU - Alta Afluencia,20,22.419500000000003,48.1925,1013.142,9400.2145,73.7585,971.5335000000002,0.8533000000000002,1374.5835000000002,65,3.0,45.0,3.0,-1.0,3.1067874987517174E-13,0.7071067811865841,0.7071067811865109,72.49749999999999,71.278,51.424,71.24390000000001,1.26100000000001,22.3345,961.2710000000001,0.8419000000000001,10.26250000000016,0.011400000000000077
2026-06-23T03:46:00.000Z,2026-06-23T03:47:00.000Z,Aula UPeU - Alta Afluencia,20,22.439500000000002,48.539,1012.7949999999998,9363.9845,74.86550000000001,979.4530000000001,0.8569500000000001,1316.6749999999997,66,3.0,46.0,3.0,-0.9945218953682402,0.10452846326796922,0.7071067811865841,0.7071067811865109,73.7585,72.49749999999999,68.68999999999998,72.479,1.1070000000000135,6.175500000000028,971.5335000000002,0.8533000000000002,7.919499999999857,0.003649999999999931
2026-06-23T03:47:00.000Z,2026-06-23T03:48:00.000Z,Aula UPeU - Alta Afluencia,20,22.528000000000002,48.600500000000004,1012.781,9285.7015,76.14299999999999,988.9420000000002,0.8695,1315.089,67,3.0,47.0,3.0,-0.9781476007337382,0.20791169081807653,0.7071067811865841,0.7071067811865109,74.86550000000001,73.7585,69.99550000000002,73.70849999999999,1.277499999999975,6.147499999999965,979.4530000000001,0.8569500000000001,9.489000000000146,0.01254999999999995
2026-06-23T03:48:00.000Z,2026-06-23T03:49:00.000Z,Aula UPeU - Alta Afluencia,20,22.547499999999996,48.67550000000001,1012.9014999999999,9274.801499999998,77.80799999999999,998.933,0.8815500000000001,1426.5085000000001,68,3.0,48.0,3.0,-0.9510565162950513,0.3090169943752623,0.7071067811865841,0.7071067811865109,76.14299999999999,74.86550000000001,71.278,75.01449999999998,1.6650000000000063,6.529999999999987,988.9420000000002,0.8695,9.990999999999758,0.012050000000000005
2026-06-23T03:49:00.000Z,2026-06-23T03:50:00.000Z,Aula UPeU - Alta Afluencia,20,22.496,48.524,1013.2890000000001,9220.8335,78.73,1005.2375,0.8900500000000001,1231.039,69,3.0,49.0,3.0,-0.9135454576424634,0.4067366430761089,0.7071067811865841,0.7071067811865109,77.80799999999999,76.14299999999999,72.49749999999999,76.261,0.9220000000000113,6.232500000000016,998.933,0.8815500000000001,6.304499999999962,0.008500000000000063
2026-06-23T03:50:00.000Z,2026-06-23T03:51:00.000Z,Aula UPeU - Alta Afluencia,20,22.542499999999997,48.7275,1013.0695000000002,9106.9175,80.29950000000001,1015.452,0.8987499999999999,1375.905,70,3.0,50.0,3.0,-0.8660254037842663,0.5000000000002985,0.7071067811865841,0.7071067811865109,78.73,77.80799999999999,73.7585,77.5692,1.569500000000005,6.541000000000011,1005.2375,0.8900500000000001,10.214500000000044,0.008699999999999819
2026-06-23T03:51:00.000Z,2026-06-23T03:52:00.000Z,Aula UPeU - Alta Afluencia,20,22.529000000000003,48.604499999999994,1013.1734999999999,9057.876999999997,81.48599999999999,1023.5869999999999,0.9114500000000001,1552.805,71,3.0,51.0,3.0,-0.8090169943747408,0.5877852522927575,0.7071067811865841,0.7071067811865109,80.29950000000001,78.73,74.86550000000001,78.8933,1.186499999999981,6.6204999999999785,1015.452,0.8987499999999999,8.134999999999877,0.012700000000000156
2026-06-23T03:52:00.000Z,2026-06-23T03:53:00.000Z,Aula UPeU - Alta Afluencia,20,22.5395,49.0955,1013.0810000000001,9062.732000000002,82.612,1032.8884999999998,0.9119500000000003,1367.441,72,3.0,52.0,3.0,-0.7431448254771544,0.6691306063591245,0.7071067811865841,0.7071067811865109,81.48599999999999,80.29950000000001,76.14299999999999,80.18710000000002,1.1260000000000048,6.469000000000008,1023.5869999999999,0.9114500000000001,9.301499999999919,5.00000000000167E-4
2026-06-23T03:53:00.000Z,2026-06-23T03:54:00.000Z,Aula UPeU - Alta Afluencia,20,22.596999999999998,48.81199999999999,1012.8210000000001,8966.5435,83.5185,1040.1615,0.9289500000000002,1354.1805,73,3.0,53.0,3.0,-0.6691306063585869,0.7431448254776386,0.7071067811865841,0.7071067811865109,82.612,81.48599999999999,77.80799999999999,81.3292,0.9065000000000083,5.71050000000001,1032.8884999999998,0.9119500000000003,7.273000000000138,0.016999999999999904
2026-06-23T03:54:00.000Z,2026-06-23T03:55:00.000Z,Aula UPeU - Alta Afluencia,20,22.653,49.004,1012.9875000000002,8952.546,85.523,1052.4895000000001,0.94255,1280.8274999999999,74,3.0,54.0,3.0,-0.5877852522921715,0.8090169943751666,0.7071067811865841,0.7071067811865109,83.5185,82.612,78.73,82.6878,2.004499999999993,6.792999999999992,1040.1615,0.9289500000000002,12.328000000000202,0.013599999999999834
2026-06-23T03:55:00.000Z,2026-06-23T03:56:00.000Z,Aula UPeU - Alta Afluencia,20,22.676500000000004,48.9615,1013.043,8864.9675,86.55300000000001,1056.5774999999999,0.9445999999999998,1429.8290000000002,75,3.0,55.0,3.0,-0.499999999999672,0.866025403784628,0.7071067811865841,0.7071067811865109,85.523,83.5185,80.29950000000001,83.9385,1.0300000000000153,6.2535000000000025,1052.4895000000001,0.94255,4.087999999999738,0.0020499999999997742
2026-06-23T03:56:00.000Z,2026-06-23T03:57:00.000Z,Aula UPeU - Alta Afluencia,20,22.6535,49.285000000000004,1013.0570000000001,8830.9525,87.3485,1063.0049999999999,0.95695,1416.785,76,3.0,56.0,3.0,-0.4067366430754472,0.9135454576427581,0.7071067811865841,0.7071067811865109,86.55300000000001,85.523,81.48599999999999,85.111,0.7954999999999899,5.862500000000011,1056.5774999999999,0.9445999999999998,6.427500000000009,0.012350000000000194
2026-06-23T03:57:00.000Z,2026-06-23T03:58:00.000Z,Aula UPeU - Alta Afluencia,20,22.688499999999998,49.126999999999995,1012.8974999999998,8795.7785,88.752,1073.2664999999997,0.9662999999999998,1270.3835,77,3.0,57.0,3.0,-0.3090169943745743,0.9510565162952748,0.7071067811865841,0.7071067811865109,87.3485,86.55300000000001,82.612,86.339,1.403499999999994,6.140000000000001,1063.0049999999999,0.95695,10.261499999999842,0.009349999999999858
2026-06-23T03:58:00.000Z,2026-06-23T03:59:00.000Z,Aula UPeU - Alta Afluencia,20,22.7875,49.4375,1013.0150000000001,8681.8165,90.20450000000001,1087.227,0.9823499999999997,1492.2354999999998,78,3.0,58.0,3.0,-0.20791169081736804,0.9781476007338888,0.7071067811865841,0.7071067811865109,88.752,87.3485,83.5185,87.67620000000001,1.4525000000000148,6.686000000000007,1073.2664999999997,0.9662999999999998,13.960500000000366,0.016049999999999898
2026-06-23T03:59:00.000Z,2026-06-23T04:00:00.000Z,Aula UPeU - Alta Afluencia,20,22.773999999999994,49.4295,1013.3125,8703.666999999998,90.97399999999999,1088.6109999999996,0.9811000000000002,1399.104,79,3.0,59.0,3.0,-0.10452846326724886,0.9945218953683158,0.7071067811865841,0.7071067811865109,90.20450000000001,88.752,85.523,88.7664,0.7694999999999794,5.450999999999993,1087.227,0.9823499999999997,1.3839999999995598,-0.0012499999999995293
2026-06-23T04:00:00.000Z,2026-06-23T04:01:00.000Z,Aula UPeU - Alta Afluencia,20,22.811,49.776,1013.017,8665.0875,91.57000000000001,1099.507,1.00055,1502.7549999999999,80,4.0,0.0,3.0,0.0,1.0,0.8660254037844731,0.49999999999994027,90.97399999999999,90.20450000000001,86.55300000000001,89.7698,0.5960000000000178,5.016999999999996,1088.6109999999996,0.9811000000000002,10.896000000000413,0.019449999999999856
2026-06-23T04:01:00.000Z,2026-06-23T04:02:00.000Z,Aula UPeU - Alta Afluencia,20,22.928,49.6265,1012.9765000000001,8555.13,93.467,1106.8915000000002,1.0034500000000002,1329.1309999999999,81,4.0,1.0,3.0,0.10452846326766033,0.9945218953682726,0.8660254037844731,0.49999999999994027,91.57000000000001,90.97399999999999,87.3485,90.9935,1.8969999999999914,6.118499999999997,1099.507,1.00055,7.384500000000116,0.0029000000000001247
2026-06-23T04:02:00.000Z,2026-06-23T04:03:00.000Z,Aula UPeU - Alta Afluencia,20,22.7875,49.72350000000001,1013.1075000000001,8562.283500000001,93.86299999999999,1115.9095,1.0144999999999995,1264.5984999999998,82,4.0,2.0,3.0,0.2079116908177728,0.9781476007338028,0.8660254037844731,0.49999999999994027,93.467,91.57000000000001,88.752,92.0157,0.3959999999999866,5.11099999999999,1106.8915000000002,1.0034500000000002,9.017999999999802,0.011049999999999338
2026-06-23T04:03:00.000Z,2026-06-23T04:04:00.000Z,Aula UPeU - Alta Afluencia,20,22.964500000000008,49.619499999999995,1013.231,8534.342,94.826,1120.3580000000002,1.0270000000000004,1312.9609999999998,83,4.0,3.0,3.0,0.3090169943749671,0.9510565162951472,0.8660254037844731,0.49999999999994027,93.86299999999999,93.467,90.20450000000001,92.93999999999998,0.9630000000000081,4.621499999999983,1115.9095,1.0144999999999995,4.448500000000195,0.012500000000000844
2026-06-23T04:04:00.000Z,2026-06-23T04:05:00.000Z,Aula UPeU - Alta Afluencia,20,22.9745,49.686,1012.686,8513.774500000001,95.7875,1130.346,1.0319500000000001,1320.1250000000005,84,4.0,4.0,3.0,0.40673664307582535,0.9135454576425897,0.8660254037844731,0.49999999999994027,94.826,93.86299999999999,90.97399999999999,93.90270000000001,0.9615000000000009,4.813500000000005,1120.3580000000002,1.0270000000000004,9.987999999999829,0.004949999999999788
2026-06-23T04:05:00.000Z,2026-06-23T04:06:00.000Z,Aula UPeU - Alta Afluencia,20,22.973499999999994,49.8455,1012.9534999999998,8428.288499999999,96.42800000000003,1139.0605,1.0390499999999998,1481.7655,85,4.0,5.0,3.0,0.5000000000000299,0.8660254037844214,0.8660254037844731,0.49999999999994027,95.7875,94.826,91.57000000000001,94.87429999999999,0.6405000000000314,4.858000000000018,1130.346,1.0319500000000001,8.714500000000044,0.007099999999999662
2026-06-23T04:06:00.000Z,2026-06-23T04:07:00.000Z,Aula UPeU - Alta Afluencia,20,22.930500000000002,50.132000000000005,1013.0935000000002,8413.395999999999,97.459,1145.8235000000002,1.0502999999999996,1422.6885,86,4.0,6.0,3.0,0.5877852522925067,0.8090169943749231,0.8660254037844731,0.49999999999994027,96.42800000000003,95.7875,93.467,95.67269999999999,1.0309999999999775,3.9920000000000044,1139.0605,1.0390499999999998,6.763000000000147,0.01124999999999976
2026-06-23T04:07:00.000Z,2026-06-23T04:08:00.000Z,Aula UPeU - Alta Afluencia,20,23.051,50.0705,1013.1280000000003,8392.656,98.21550000000002,1159.7514999999999,1.06365,1466.7644999999998,87,4.0,7.0,3.0,0.6691306063588941,0.7431448254773619,0.8660254037844731,0.49999999999994027,97.459,96.42800000000003,93.86299999999999,96.54320000000001,0.7565000000000168,4.352500000000035,1145.8235000000002,1.0502999999999996,13.927999999999656,0.013350000000000417
2026-06-23T04:08:00.000Z,2026-06-23T04:09:00.000Z,Aula UPeU - Alta Afluencia,20,23.0695,50.454,1012.7654999999999,8297.2965,99.6775,1165.6525000000004,1.07405,1331.4395,88,4.0,8.0,3.0,0.7431448254774311,0.6691306063588173,0.8660254037844731,0.49999999999994027,98.21550000000002,97.459,94.826,97.51350000000001,1.4619999999999749,4.8515000000000015,1159.7514999999999,1.06365,5.901000000000522,0.010399999999999965
2026-06-23T04:09:00.000Z,2026-06-23T04:10:00.000Z,Aula UPeU - Alta Afluencia,20,23.045499999999997,50.27900000000001,1013.4205,8299.483999999999,99.72800000000001,1170.1280000000002,1.0823,1400.439,89,4.0,9.0,3.0,0.8090169943749839,0.587785252292423,0.8660254037844731,0.49999999999994027,99.6775,98.21550000000002,95.7875,98.30160000000002,0.050500000000013756,3.9405000000000143,1165.6525000000004,1.07405,4.4754999999997835,0.00825000000000009
2026-06-23T04:10:00.000Z,2026-06-23T04:11:00.000Z,Aula UPeU - Alta Afluencia,20,23.089,50.415,1012.6434999999999,8269.229000000001,100.35000000000001,1176.5414999999998,1.0871499999999998,1311.9020000000003,90,4.0,10.0,3.0,0.8660254037844731,0.49999999999994027,0.8660254037844731,0.49999999999994027,99.72800000000001,99.6775,96.42800000000003,99.08600000000001,0.6219999999999999,3.921999999999983,1170.1280000000002,1.0823,6.413499999999658,0.004849999999999799
2026-06-23T04:11:00.000Z,2026-06-23T04:12:00.000Z,Aula UPeU - Alta Afluencia,20,23.025,50.346000000000004,1012.9345000000001,8257.0505,101.57450000000001,1183.8899999999999,1.0953499999999996,1657.7760000000003,91,4.0,11.0,3.0,0.9135454576426317,0.406736643075731,0.8660254037844731,0.49999999999994027,100.35000000000001,99.72800000000001,97.459,99.90910000000001,1.2245000000000061,4.1155000000000115,1176.5414999999998,1.0871499999999998,7.348500000000058,0.008199999999999763
2026-06-23T04:12:00.000Z,2026-06-23T04:13:00.000Z,Aula UPeU - Alta Afluencia,20,23.136499999999998,50.368,1013.0074999999999,8265.447999999999,102.104,1189.939,1.1064500000000002,1387.0305,92,4.0,12.0,3.0,0.9510565162951792,0.3090169943748687,0.8660254037844731,0.49999999999994027,101.57450000000001,100.35000000000001,98.21550000000002,100.6868,0.5294999999999845,3.888499999999979,1183.8899999999999,1.0953499999999996,6.0490000000002055,0.011100000000000554
2026-06-23T04:13:00.000Z,2026-06-23T04:14:00.000Z,Aula UPeU - Alta Afluencia,20,23.249999999999996,50.7025,1013.1400000000001,8201.0425,102.82849999999999,1197.4925000000003,1.1086500000000001,1181.68,93,4.0,13.0,3.0,0.9781476007338242,0.20791169081767172,0.8660254037844731,0.49999999999994027,102.104,101.57450000000001,99.6775,101.31700000000001,0.7244999999999919,3.1509999999999962,1189.939,1.1064500000000002,7.553500000000213,0.0021999999999999797
2026-06-23T04:14:00.000Z,2026-06-23T04:15:00.000Z,Aula UPeU - Alta Afluencia,20,23.243000000000002,50.41099999999999,1012.9640000000002,8168.269,103.63500000000002,1203.7655,1.1120999999999999,1346.8740000000003,94,4.0,14.0,3.0,0.9945218953682834,0.1045284632675574,0.8660254037844731,0.49999999999994027,102.82849999999999,102.104,99.72800000000001,102.0984,0.8065000000000282,3.9070000000000107,1197.4925000000003,1.1086500000000001,6.2729999999996835,0.003449999999999731
2026-06-23T04:15:00.000Z,2026-06-23T04:16:00.000Z,Aula UPeU - Alta Afluencia,20,23.250999999999998,50.69899999999999,1012.6019999999999,8110.494000000001,104.792,1213.7904999999998,1.11885,1275.4660000000001,95,4.0,15.0,3.0,1.0,-1.0341155355510722E-13,0.8660254037844731,0.49999999999994027,103.63500000000002,102.82849999999999,100.35000000000001,102.98680000000002,1.1569999999999823,4.441999999999993,1203.7655,1.1120999999999999,10.024999999999864,0.006750000000000034
2026-06-23T04:16:00.000Z,2026-06-23T04:17:00.000Z,Aula UPeU - Alta Afluencia,20,23.232499999999998,50.6445,1012.9114999999999,8071.6565,104.92549999999999,1222.2559999999999,1.13685,1278.5255,96,4.0,16.0,3.0,0.9945218953682619,-0.10452846326776308,0.8660254037844731,0.49999999999994027,104.792,103.63500000000002,101.57450000000001,103.657,0.13349999999998374,3.3509999999999707,1213.7904999999998,1.11885,8.46550000000002,0.018000000000000016
2026-06-23T04:17:00.000Z,2026-06-23T04:18:00.000Z,Aula UPeU - Alta Afluencia,20,23.391499999999997,51.2,1012.693,8019.630500000001,106.45,1228.9065000000003,1.1408999999999998,1301.452,97,4.0,17.0,3.0,0.9781476007337813,-0.20791169081787403,0.8660254037844731,0.49999999999994027,104.92549999999999,104.792,102.104,104.52619999999999,1.5245000000000175,4.346000000000004,1222.2559999999999,1.13685,6.65050000000042,0.004049999999999887
2026-06-23T04:18:00.000Z,2026-06-23T04:19:00.000Z,Aula UPeU - Alta Afluencia,20,23.374999999999996,50.8985,1012.6830000000002,8034.717499999999,106.71100000000001,1237.444,1.1510000000000002,1356.7945000000002,98,4.0,18.0,3.0,0.9510565162951152,-0.3090169943750654,0.8660254037844731,0.49999999999994027,106.45,104.92549999999999,102.82849999999999,105.3027,0.2610000000000099,3.8825000000000216,1228.9065000000003,1.1408999999999998,8.537499999999682,0.010100000000000442
2026-06-23T04:19:00.000Z,2026-06-23T04:20:00.000Z,Aula UPeU - Alta Afluencia,20,23.399,51.053000000000004,1012.6815000000003,7983.8515,108.011,1242.637,1.1549,1443.1124999999997,99,4.0,19.0,3.0,0.9135454576425477,-0.4067366430759197,0.8660254037844731,0.49999999999994027,106.71100000000001,106.45,103.63500000000002,106.1779,1.299999999999983,4.375999999999976,1237.444,1.1510000000000002,5.192999999999984,0.0038999999999997925
2026-06-23T04:20:00.000Z,2026-06-23T04:21:00.000Z,Aula UPeU - Alta Afluencia,20,23.407000000000004,50.916500000000006,1012.8225,7996.388499999999,108.27749999999999,1250.9595000000002,1.16725,1257.0395000000003,100,4.0,20.0,3.0,0.8660254037843697,-0.5000000000001195,0.8660254037844731,0.49999999999994027,108.011,106.71100000000001,104.792,106.875,0.2664999999999935,3.4854999999999876,1242.637,1.1549,8.322500000000218,0.012349999999999861
2026-06-23T04:21:00.000Z,2026-06-23T04:22:00.000Z,Aula UPeU - Alta Afluencia,20,23.353499999999997,51.08299999999999,1012.973,7935.986500000001,108.74099999999999,1257.1045000000001,1.1751500000000001,1275.9844999999996,101,4.0,21.0,3.0,0.8090169943748624,-0.5877852522925902,0.8660254037844731,0.49999999999994027,108.27749999999999,108.011,104.92549999999999,107.63809999999998,0.46349999999999625,3.8155,1250.9595000000002,1.16725,6.144999999999982,0.00790000000000024
2026-06-23T04:22:00.000Z,2026-06-23T04:23:00.000Z,Aula UPeU - Alta Afluencia,20,23.548499999999997,51.3235,1013.0165,7862.547500000001,109.89050000000002,1264.3120000000001,1.1822000000000001,1448.5445,102,4.0,22.0,3.0,0.7431448254772929,-0.6691306063589708,0.8660254037844731,0.49999999999994027,108.74099999999999,108.27749999999999,106.45,108.3262,1.1495000000000317,3.4405000000000143,1257.1045000000001,1.1751500000000001,7.207499999999982,0.007050000000000001
2026-06-23T04:23:00.000Z,2026-06-23T04:24:00.000Z,Aula UPeU - Alta Afluencia,20,23.4,51.582499999999996,1013.1159999999998,7868.5735,110.73949999999999,1271.0875,1.1911999999999998,1376.2649999999999,103,4.0,23.0,3.0,0.6691306063587402,-0.7431448254775005,0.8660254037844731,0.49999999999994027,109.89050000000002,108.74099999999999,106.71100000000001,109.1319,0.8489999999999753,4.02849999999998,1264.3120000000001,1.1822000000000001,6.775499999999965,0.008999999999999675
2026-06-23T04:24:00.000Z,2026-06-23T04:25:00.000Z,Aula UPeU - Alta Afluencia,20,23.4855,51.38349999999999,1013.2,7774.553000000002,112.10550000000003,1280.989,1.1985000000000003,1237.0225000000003,104,4.0,24.0,3.0,0.5877852522923392,-0.8090169943750447,0.8660254037844731,0.49999999999994027,110.73949999999999,109.89050000000002,108.011,109.9508,1.3660000000000423,4.094500000000039,1271.0875,1.1911999999999998,9.901499999999942,0.007300000000000528
2026-06-23T04:25:00.000Z,2026-06-23T04:26:00.000Z,Aula UPeU - Alta Afluencia,20,23.5075,51.71500000000001,1013.0115,7738.2845,113.178,1290.5249999999999,1.217,1217.667,105,4.0,25.0,3.0,0.49999999999985073,-0.8660254037845249,0.8660254037844731,0.49999999999994027,112.10550000000003,110.73949999999999,108.27749999999999,110.9309,1.0724999999999625,4.900500000000008,1280.989,1.1985000000000003,9.53599999999983,0.01849999999999974
2026-06-23T04:26:00.000Z,2026-06-23T04:27:00.000Z,Aula UPeU - Alta Afluencia,20,22.516499999999994,48.9125,1012.9775,9135.320499999998,80.47949999999999,1009.2479999999999,0.9017,1407.7844999999998,106,4.0,26.0,3.0,0.40673664307563656,-0.9135454576426738,0.8660254037844731,0.49999999999994027,113.178,112.10550000000003,108.74099999999999,105.27860000000001,-32.69850000000001,-28.261499999999998,1290.5249999999999,1.217,-281.27699999999993,-0.31530000000000014
2026-06-23T04:27:00.000Z,2026-06-23T04:28:00.000Z,Aula UPeU - Alta Afluencia,20,21.899500000000003,46.687500000000014,1012.5305000000001,10105.17,56.56150000000001,810.4235000000001,0.6657000000000002,1258.0434999999998,107,4.0,27.0,3.0,0.30901699437477015,-0.9510565162952112,0.8660254037844731,0.49999999999994027,80.47949999999999,113.178,109.89050000000002,94.61280000000001,-23.917999999999978,-53.32900000000001,1009.2479999999999,0.9017,-198.82449999999983,-0.23599999999999977
2026-06-23T04:28:00.000Z,2026-06-23T04:29:00.000Z,Aula UPeU - Alta Afluencia,20,21.9035,46.611000000000004,1013.0255000000001,10254.528499999999,54.302499999999995,777.2085,0.6291500000000001,1432.6615000000002,108,4.0,28.0,3.0,0.20791169081757035,-0.9781476007338458,0.8660254037844731,0.49999999999994027,56.56150000000001,80.47949999999999,110.73949999999999,83.32540000000002,-2.2590000000000146,-56.437,810.4235000000001,0.6657000000000002,-33.215000000000146,-0.03655000000000008
2026-06-23T04:29:00.000Z,2026-06-23T04:30:00.000Z,Aula UPeU - Alta Afluencia,20,21.74550000000001,46.5305,1013.1745000000001,10322.208,51.71849999999999,756.304,0.6051500000000001,1408.5655000000002,109,4.0,29.0,3.0,0.10452846326745455,-0.9945218953682943,0.8660254037844731,0.49999999999994027,54.302499999999995,56.56150000000001,112.10550000000003,71.248,-2.584000000000003,-60.38700000000004,777.2085,0.6291500000000001,-20.904499999999985,-0.02400000000000002
2026-06-23T04:30:00.000Z,2026-06-23T04:31:00.000Z,Aula UPeU - Alta Afluencia,20,21.714500000000005,46.569,1013.048,10462.727,49.182,720.383,0.5757999999999999,1380.392,110,4.0,30.0,3.0,-2.0682310711021444E-13,-1.0,0.8660254037844731,0.49999999999994027,51.71849999999999,54.302499999999995,113.178,58.448800000000006,-2.5364999999999895,-63.995999999999995,756.304,0.6051500000000001,-35.920999999999935,-0.02935000000000021
2026-06-23T04:31:00.000Z,2026-06-23T04:32:00.000Z,Aula UPeU - Alta Afluencia,20,21.595,46.14,1012.9439999999997,10579.372,46.5225,696.6854999999999,0.5371500000000001,1386.8970000000002,111,4.0,31.0,3.0,-0.10452846326786637,-0.994521895368251,0.8660254037844731,0.49999999999994027,49.182,51.71849999999999,80.47949999999999,51.657399999999996,-2.6595000000000013,-33.95699999999999,720.383,0.5757999999999999,-23.697500000000105,-0.03864999999999974
2026-06-23T04:32:00.000Z,2026-06-23T04:33:00.000Z,Aula UPeU - Alta Afluencia,20,21.562,46.147499999999994,1012.9320000000001,10661.3595,43.7565,664.6495,0.5084500000000001,1274.4995000000001,112,4.0,32.0,3.0,-0.20791169081797495,-0.9781476007337598,0.8660254037844731,0.49999999999994027,46.5225,49.182,56.56150000000001,49.096399999999996,-2.7659999999999982,-12.805000000000007,696.6854999999999,0.5371500000000001,-32.035999999999945,-0.02870000000000006
2026-06-23T04:33:00.000Z,2026-06-23T04:34:00.000Z,Aula UPeU - Alta Afluencia,20,21.601999999999997,45.7975,1012.8810000000001,10754.024,41.271499999999996,640.1155000000001,0.47435,1259.5290000000002,113,4.0,33.0,3.0,-0.30901699437516394,-0.9510565162950833,0.8660254037844731,0.49999999999994027,43.7565,46.5225,54.302499999999995,46.4902,-2.4850000000000065,-13.030999999999999,664.6495,0.5084500000000001,-24.533999999999878,-0.034100000000000075
2026-06-23T04:34:00.000Z,2026-06-23T04:35:00.000Z,Aula UPeU - Alta Afluencia,20,21.566499999999998,45.956999999999994,1013.0379999999999,10849.259500000002,38.8215,610.1365,0.44604999999999995,1264.1169999999997,114,4.0,34.0,3.0,-0.4067366430760144,-0.9135454576425055,0.8660254037844731,0.49999999999994027,41.271499999999996,43.7565,51.71849999999999,43.91080000000001,-2.4499999999999957,-12.896999999999991,640.1155000000001,0.47435,-29.979000000000156,-0.028300000000000047
2026-06-23T04:35:00.000Z,2026-06-23T04:36:00.000Z,Aula UPeU - Alta Afluencia,20,21.4805,45.538999999999994,1013.0935,10957.983499999998,36.935,584.2305,0.42374999999999996,1378.9475000000002,115,4.0,35.0,3.0,-0.5000000000002094,-0.8660254037843178,0.8660254037844731,0.49999999999994027,38.8215,41.271499999999996,49.182,41.461400000000005,-1.886499999999998,-12.247,610.1365,0.44604999999999995,-25.90599999999995,-0.022299999999999986
2026-06-23T04:36:00.000Z,2026-06-23T04:37:00.000Z,Aula UPeU - Alta Afluencia,20,21.411499999999997,45.3605,1013.0545000000002,11066.969500000003,34.614999999999995,558.807,0.38875,1384.7279999999998,116,4.0,36.0,3.0,-0.5877852522926739,-0.8090169943748016,0.8660254037844731,0.49999999999994027,36.935,38.8215,46.5225,39.079899999999995,-2.3200000000000074,-11.907500000000006,584.2305,0.42374999999999996,-25.42349999999999,-0.034999999999999976
2026-06-23T04:37:00.000Z,2026-06-23T04:38:00.000Z,Aula UPeU - Alta Afluencia,20,21.333500000000004,45.3725,1013.2955,11147.863,32.114999999999995,529.8485,0.354,1368.8365,117,4.0,37.0,3.0,-0.669130606359048,-0.7431448254772234,0.8660254037844731,0.49999999999994027,34.614999999999995,36.935,43.7565,36.751599999999996,-2.5,-11.641500000000008,558.807,0.38875,-28.958500000000072,-0.03475
2026-06-23T04:38:00.000Z,2026-06-23T04:39:00.000Z,Aula UPeU - Alta Afluencia,20,21.238,45.082,1012.89,11273.215999999999,29.593000000000007,500.7754999999999,0.31945,1165.505,118,4.0,38.0,3.0,-0.7431448254775693,-0.6691306063586637,0.8660254037844731,0.49999999999994027,32.114999999999995,34.614999999999995,41.271499999999996,34.4159,-2.521999999999988,-11.678499999999989,529.8485,0.354,-29.073000000000036,-0.03454999999999997
2026-06-23T04:39:00.000Z,2026-06-23T04:40:00.000Z,Aula UPeU - Alta Afluencia,20,21.324500000000008,45.2795,1013.0745,11336.136000000002,27.375999999999998,471.6585000000001,0.2902999999999999,1290.211,119,4.0,39.0,3.0,-0.8090169943751055,-0.5877852522922555,0.8660254037844731,0.49999999999994027,29.593000000000007,32.114999999999995,38.8215,32.1268,-2.2170000000000094,-11.445500000000003,500.7754999999999,0.31945,-29.11699999999979,-0.02915000000000012
2026-06-23T04:40:00.000Z,2026-06-23T04:41:00.000Z,Aula UPeU - Alta Afluencia,8,21.314999999999998,45.1025,1012.775,11378.34,25.7675,460.31,0.274625,1447.34125,120,4.0,40.0,3.0,-0.8660254037845765,-0.4999999999997612,0.8660254037844731,0.49999999999994027,27.375999999999998,29.593000000000007,36.935,29.8933,-1.6084999999999994,-11.167500000000004,471.6585000000001,0.2902999999999999,-11.348500000000115,-0.015674999999999883
